./Vlad and Niki Animal Stories/Kids want to have a pet and play with robo cat/Kids want to have a pet and play with robo cat.m3u8	https://raw.githubusercontent.com/mansarkhan/Vlad-and-Niki/main/./Vlad and Niki Animal Stories/Kids want to have a pet and play with robo cat/Kids want to have a pet and play with robo cat.m3u8
./Vlad and Niki Animal Stories/Vlad and a compilation of new series about pets/Vlad and a compilation of new series about pets.m3u8	https://raw.githubusercontent.com/mansarkhan/Vlad-and-Niki/main/./Vlad and Niki Animal Stories/Vlad and a compilation of new series about pets/Vlad and a compilation of new series about pets.m3u8
./Vlad and Niki Animal Stories/Vlad and Niki The best stories for kids   1 Hour Video/Vlad and Niki The best stories for kids   1 Hour Video.m3u8	https://raw.githubusercontent.com/mansarkhan/Vlad-and-Niki/main/./Vlad and Niki Animal Stories/Vlad and Niki The best stories for kids   1 Hour Video/Vlad and Niki The best stories for kids   1 Hour Video.m3u8
./Vlad and Niki Animal Stories/Vlad and Niki find a kitten/Vlad and Niki find a kitten.m3u8	https://raw.githubusercontent.com/mansarkhan/Vlad-and-Niki/main/./Vlad and Niki Animal Stories/Vlad and Niki find a kitten/Vlad and Niki find a kitten.m3u8
./Vlad and Niki Animal Stories/Vlad and Mama at sleeping tiger farm/Vlad and Mama at sleeping tiger farm.m3u8	https://raw.githubusercontent.com/mansarkhan/Vlad-and-Niki/main/./Vlad and Niki Animal Stories/Vlad and Mama at sleeping tiger farm/Vlad and Mama at sleeping tiger farm.m3u8
./Vlad and Niki Animal Stories/Vlad and Nikita family trip to Safari Park/Vlad and Nikita family trip to Safari Park.m3u8	https://raw.githubusercontent.com/mansarkhan/Vlad-and-Niki/main/./Vlad and Niki Animal Stories/Vlad and Nikita family trip to Safari Park/Vlad and Nikita family trip to Safari Park.m3u8
./Vlad and Niki Animal Stories/Vlad and Mama sleeping at farm sheep/Vlad and Mama sleeping at farm sheep.m3u8	https://raw.githubusercontent.com/mansarkhan/Vlad-and-Niki/main/./Vlad and Niki Animal Stories/Vlad and Mama sleeping at farm sheep/Vlad and Mama sleeping at farm sheep.m3u8
./Vlad and Niki Animal Stories/Vlad and Nikita Family trip to the Zoo/Vlad and Nikita Family trip to the Zoo.m3u8	https://raw.githubusercontent.com/mansarkhan/Vlad-and-Niki/main/./Vlad and Niki Animal Stories/Vlad and Nikita Family trip to the Zoo/Vlad and Nikita Family trip to the Zoo.m3u8
./Vlad and Niki Animal Stories/Vlad and Nikita play with Mom at the farm/Vlad and Nikita play with Mom at the farm.m3u8	https://raw.githubusercontent.com/mansarkhan/Vlad-and-Niki/main/./Vlad and Niki Animal Stories/Vlad and Nikita play with Mom at the farm/Vlad and Nikita play with Mom at the farm.m3u8
./Vlad and Niki Animal Stories/Vlad and Nikita Lost our cat/Vlad and Nikita Lost our cat.m3u8	https://raw.githubusercontent.com/mansarkhan/Vlad-and-Niki/main/./Vlad and Niki Animal Stories/Vlad and Nikita Lost our cat/Vlad and Nikita Lost our cat.m3u8
./Vlad and Niki Animal Stories/Nikita and Mama play pet salon and dress up/Nikita and Mama play pet salon and dress up.m3u8	https://raw.githubusercontent.com/mansarkhan/Vlad-and-Niki/main/./Vlad and Niki Animal Stories/Nikita and Mama play pet salon and dress up/Nikita and Mama play pet salon and dress up.m3u8
./Vlad and Niki Animal Stories/Vlad and Niki Jurassic World Toys Adventures/Vlad and Niki Jurassic World Toys Adventures.m3u8	https://raw.githubusercontent.com/mansarkhan/Vlad-and-Niki/main/./Vlad and Niki Animal Stories/Vlad and Niki Jurassic World Toys Adventures/Vlad and Niki Jurassic World Toys Adventures.m3u8
./Vlad and Niki Animal Stories/Vlad and mama walking at farm sheep Family fun playtime/Vlad and mama walking at farm sheep Family fun playtime.m3u8	https://raw.githubusercontent.com/mansarkhan/Vlad-and-Niki/main/./Vlad and Niki Animal Stories/Vlad and mama walking at farm sheep Family fun playtime/Vlad and mama walking at farm sheep Family fun playtime.m3u8
./Vlad and Niki Animal Stories/Nikita Had A Farm and feeding cartoon animals/Nikita Had A Farm and feeding cartoon animals.m3u8	https://raw.githubusercontent.com/mansarkhan/Vlad-and-Niki/main/./Vlad and Niki Animal Stories/Nikita Had A Farm and feeding cartoon animals/Nikita Had A Farm and feeding cartoon animals.m3u8
./Vlad and Niki Animal Stories/Chris and Mom Kids story about Bees friends/Chris and Mom Kids story about Bees friends.m3u8	https://raw.githubusercontent.com/mansarkhan/Vlad-and-Niki/main/./Vlad and Niki Animal Stories/Chris and Mom Kids story about Bees friends/Chris and Mom Kids story about Bees friends.m3u8
./Vlad and Niki Animal Stories/Chris and mom learn how to harvest fruits and vegetables and feeding the animals at the farm/Chris and mom learn how to harvest fruits and vegetables and feeding the animals at the farm.m3u8	https://raw.githubusercontent.com/mansarkhan/Vlad-and-Niki/main/./Vlad and Niki Animal Stories/Chris and mom learn how to harvest fruits and vegetables and feeding the animals at the farm/Chris and mom learn how to harvest fruits and vegetables and feeding the animals at the farm.m3u8
./Vlad and Niki Animal Stories/Vlad really wants to be a ninja/Vlad really wants to be a ninja.m3u8	https://raw.githubusercontent.com/mansarkhan/Vlad-and-Niki/main/./Vlad and Niki Animal Stories/Vlad really wants to be a ninja/Vlad really wants to be a ninja.m3u8
./Vlad and Niki Animal Stories/Vlad and Niki play with toys - Collection video for kids/Vlad and Niki play with toys - Collection video for kids.m3u8	https://raw.githubusercontent.com/mansarkhan/Vlad-and-Niki/main/./Vlad and Niki Animal Stories/Vlad and Niki play with toys - Collection video for kids/Vlad and Niki play with toys - Collection video for kids.m3u8
./Vlad and Niki Animal Stories/Chris and Mom feeding animals at the farm/Chris and Mom feeding animals at the farm.m3u8	https://raw.githubusercontent.com/mansarkhan/Vlad-and-Niki/main/./Vlad and Niki Animal Stories/Chris and Mom feeding animals at the farm/Chris and Mom feeding animals at the farm.m3u8
./Vlad and Niki Animal Stories/Vlad and Nikita riding bikes ride to the zoo/Vlad and Nikita riding bikes ride to the zoo.m3u8	https://raw.githubusercontent.com/mansarkhan/Vlad-and-Niki/main/./Vlad and Niki Animal Stories/Vlad and Nikita riding bikes ride to the zoo/Vlad and Nikita riding bikes ride to the zoo.m3u8
./Vlad and Niki Animal Stories/Vlad and Nikita really want to have a pets/Vlad and Nikita really want to have a pets.m3u8	https://raw.githubusercontent.com/mansarkhan/Vlad-and-Niki/main/./Vlad and Niki Animal Stories/Vlad and Nikita really want to have a pets/Vlad and Nikita really want to have a pets.m3u8
./Vlad and Niki Animal Stories/Vlad and Niki and stories about how important is it to be kind and honest/Vlad and Niki and stories about how important is it to be kind and honest.m3u8	https://raw.githubusercontent.com/mansarkhan/Vlad-and-Niki/main/./Vlad and Niki Animal Stories/Vlad and Niki and stories about how important is it to be kind and honest/Vlad and Niki and stories about how important is it to be kind and honest.m3u8
./Vlad and Niki Animal Stories/Vlad and Niki learn how to take care of animals and visit a pet salon/Vlad and Niki learn how to take care of animals and visit a pet salon.m3u8	https://raw.githubusercontent.com/mansarkhan/Vlad-and-Niki/main/./Vlad and Niki Animal Stories/Vlad and Niki learn how to take care of animals and visit a pet salon/Vlad and Niki learn how to take care of animals and visit a pet salon.m3u8
./Vlad and Niki Animal Stories/Vlad and Mom choose new pets/Vlad and Mom choose new pets.m3u8	https://raw.githubusercontent.com/mansarkhan/Vlad-and-Niki/main/./Vlad and Niki Animal Stories/Vlad and Mom choose new pets/Vlad and Mom choose new pets.m3u8
./Vlad and Niki Animal Stories/Chris and Alice feeding animals at the farm/Chris and Alice feeding animals at the farm.m3u8	https://raw.githubusercontent.com/mansarkhan/Vlad-and-Niki/main/./Vlad and Niki Animal Stories/Chris and Alice feeding animals at the farm/Chris and Alice feeding animals at the farm.m3u8
./Vlad and Niki Animal Stories/Chris plays in the children's cafe and feeds the animals/Chris plays in the children's cafe and feeds the animals.m3u8	https://raw.githubusercontent.com/mansarkhan/Vlad-and-Niki/main/./Vlad and Niki Animal Stories/Chris plays in the children's cafe and feeds the animals/Chris plays in the children's cafe and feeds the animals.m3u8
./Vlad and Niki Animal Stories/Vlad and Niki play with Kittens/Vlad and Niki play with Kittens.m3u8	https://raw.githubusercontent.com/mansarkhan/Vlad-and-Niki/main/./Vlad and Niki Animal Stories/Vlad and Niki play with Kittens/Vlad and Niki play with Kittens.m3u8
./Vlad and Niki Animal Stories/Vlad and Niki feed the animals at the Zoo/Vlad and Niki feed the animals at the Zoo.m3u8	https://raw.githubusercontent.com/mansarkhan/Vlad-and-Niki/main/./Vlad and Niki Animal Stories/Vlad and Niki feed the animals at the Zoo/Vlad and Niki feed the animals at the Zoo.m3u8
./Vlad and Niki Animal Stories/Chris and Alice in Farm stories for kids/Chris and Alice in Farm stories for kids.m3u8	https://raw.githubusercontent.com/mansarkhan/Vlad-and-Niki/main/./Vlad and Niki Animal Stories/Chris and Alice in Farm stories for kids/Chris and Alice in Farm stories for kids.m3u8
./Vlad and Niki Animal Stories/Vlad and Mom exchanged cat and dog pets/Vlad and Mom exchanged cat and dog pets.m3u8	https://raw.githubusercontent.com/mansarkhan/Vlad-and-Niki/main/./Vlad and Niki Animal Stories/Vlad and Mom exchanged cat and dog pets/Vlad and Mom exchanged cat and dog pets.m3u8
./Vlad and Niki Animal Stories/Vlad and Mom exchanged cat and dog pets - new episode for children/Vlad and Mom exchanged cat and dog pets - new episode for children.m3u8	https://raw.githubusercontent.com/mansarkhan/Vlad-and-Niki/main/./Vlad and Niki Animal Stories/Vlad and Mom exchanged cat and dog pets - new episode for children/Vlad and Mom exchanged cat and dog pets - new episode for children.m3u8
./Vlad and Niki Animal Stories/Chris and Mom in Farm Stories for Kids/Chris and Mom in Farm Stories for Kids.m3u8	https://raw.githubusercontent.com/mansarkhan/Vlad-and-Niki/main/./Vlad and Niki Animal Stories/Chris and Mom in Farm Stories for Kids/Chris and Mom in Farm Stories for Kids.m3u8
./Vlad and Niki Animal Stories/Vlad and Niki shows magic tricks and create new toys/Vlad and Niki shows magic tricks and create new toys.m3u8	https://raw.githubusercontent.com/mansarkhan/Vlad-and-Niki/main/./Vlad and Niki Animal Stories/Vlad and Niki shows magic tricks and create new toys/Vlad and Niki shows magic tricks and create new toys.m3u8
./Vlad and Niki Animal Stories/Chris learns to feed animals and other useful kids stories/Chris learns to feed animals and other useful kids stories.m3u8	https://raw.githubusercontent.com/mansarkhan/Vlad-and-Niki/main/./Vlad and Niki Animal Stories/Chris learns to feed animals and other useful kids stories/Chris learns to feed animals and other useful kids stories.m3u8
./Vlad and Niki Animal Stories/Baby Chris really wants to have a kitten/Baby Chris really wants to have a kitten.m3u8	https://raw.githubusercontent.com/mansarkhan/Vlad-and-Niki/main/./Vlad and Niki Animal Stories/Baby Chris really wants to have a kitten/Baby Chris really wants to have a kitten.m3u8
./Vlad and Niki Animal Stories/Vlad and Niki want new Pet   funny stories for children/Vlad and Niki want new Pet   funny stories for children.m3u8	https://raw.githubusercontent.com/mansarkhan/Vlad-and-Niki/main/./Vlad and Niki Animal Stories/Vlad and Niki want new Pet   funny stories for children/Vlad and Niki want new Pet   funny stories for children.m3u8
./Vlad and Niki Christmas stories/Vlad and Niki pretend play and make Gingerbread House/Vlad and Niki pretend play and make Gingerbread House.m3u8	https://raw.githubusercontent.com/mansarkhan/Vlad-and-Niki/main/./Vlad and Niki Christmas stories/Vlad and Niki pretend play and make Gingerbread House/Vlad and Niki pretend play and make Gingerbread House.m3u8
./Vlad and Niki Christmas stories/Vlad and Niki celebrate Christmas in the Maldives/Vlad and Niki celebrate Christmas in the Maldives.m3u8	https://raw.githubusercontent.com/mansarkhan/Vlad-and-Niki/main/./Vlad and Niki Christmas stories/Vlad and Niki celebrate Christmas in the Maldives/Vlad and Niki celebrate Christmas in the Maldives.m3u8
./Vlad and Niki Christmas stories/Christmas Stories for kids with Chris and friends/Christmas Stories for kids with Chris and friends.m3u8	https://raw.githubusercontent.com/mansarkhan/Vlad-and-Niki/main/./Vlad and Niki Christmas stories/Christmas Stories for kids with Chris and friends/Christmas Stories for kids with Chris and friends.m3u8
./Vlad and Niki Christmas stories/Vlad and Niki complete the Christmas To-Do List/Vlad and Niki complete the Christmas To-Do List.m3u8	https://raw.githubusercontent.com/mansarkhan/Vlad-and-Niki/main/./Vlad and Niki Christmas stories/Vlad and Niki complete the Christmas To-Do List/Vlad and Niki complete the Christmas To-Do List.m3u8
./Vlad and Niki Christmas stories/Christmas stories for kids with Vlad and Niki/Christmas stories for kids with Vlad and Niki.m3u8	https://raw.githubusercontent.com/mansarkhan/Vlad-and-Niki/main/./Vlad and Niki Christmas stories/Christmas stories for kids with Vlad and Niki/Christmas stories for kids with Vlad and Niki.m3u8
./Vlad and Niki Christmas stories/Vlad and Niki pretend play and decorate the Christmas tree/Vlad and Niki pretend play and decorate the Christmas tree.m3u8	https://raw.githubusercontent.com/mansarkhan/Vlad-and-Niki/main/./Vlad and Niki Christmas stories/Vlad and Niki pretend play and decorate the Christmas tree/Vlad and Niki pretend play and decorate the Christmas tree.m3u8
./Sesame Street Elmo Playlist/Sesame Street A Playdate with Elmo!   Learn Food, Animals, and Toys!/Sesame Street A Playdate with Elmo!   Learn Food, Animals, and Toys!.m3u8	https://raw.githubusercontent.com/mansarkhan/Vlad-and-Niki/main/./Sesame Street Elmo Playlist/Sesame Street A Playdate with Elmo!   Learn Food, Animals, and Toys!/Sesame Street A Playdate with Elmo!   Learn Food, Animals, and Toys!.m3u8
